Mode,NrEvents,Bug_Types,Unique_Bugs,Total_Bugs,Total_Time_s,Rec_s,Ana_s,Rep_s
GFuzz,6,,0,1,40.02487,20.01301,4e-05,
GFuzzHB,6,L08,1,1,40.8213,20.01203,0.00046,0.80277
GFuzzHBFlow,6,L08,1,1,40.77518,20.01024,0.00033,0.75666
Flow,6,L08,1,1,40.79069,20.01228,0.00087,0.77085
GoCR,6,,0,1,40.01722,20.01101,7e-05,
GoCRHB,6,L08,1,1,40.78528,20.01188,0.0004,0.76622
