Mode,NrEvents,Bug_Types,Unique_Bugs,Total_Bugs,Total_Time_s,Rec_s,Ana_s,Rep_s
GFuzz,14,A06,1,1,1.40463,1.20926,4e-05,
GFuzzHB,14,A06,1,1,1.38808,1.19785,0.00025,3e-05
GFuzzHBFlow,14,A06,1,1,1.39355,1.18826,0.00029,4e-05
Flow,14,A06,1,1,1.43132,1.21792,0.00057,8e-05
GoCR,14,A06,1,1,12.8745,1.22523,0.00021,
GoCRHB,14,A06,1,2,12.84111,1.19911,0.00028,4e-05
