Mode,NrEvents,Bug_Types,Unique_Bugs,Total_Bugs,Total_Time_s,Rec_s,Ana_s,Rep_s
GFuzz,16,,0,0,1.46117,1.23813,2e-05,
GFuzzHB,16,P06,1,1,2.27153,1.23461,0.0003,0.81681
GFuzzHBFlow,16,P06,1,1,2.29436,1.23551,0.00029,0.8328
Flow,16,P06,1,1,2.34718,1.25948,0.00058,0.85544
GoCR,16,,0,0,13.04408,1.22675,0.00011,
GoCRHB,16,P06,1,1,22.30477,1.23186,0.00025,0.83261
