Mode,NrEvents,Bug_Types,Unique_Bugs,Total_Bugs,Total_Time_s,Rec_s,Ana_s,Rep_s
GFuzz,12,,0,0,1.74945,1.37684,2e-05,
GFuzzHB,12,P06,1,1,2.53262,1.37853,0.00024,0.78528
GFuzzHBFlow,12,P06,1,1,2.58712,1.38963,0.00032,0.80746
Flow,12,P06,1,1,2.60448,1.37482,0.00019,0.8047
GoCR,12,,0,0,12.21119,1.47977,7e-05,
GoCRHB,12,P06,1,1,12.71557,1.37556,0.00024,0.7918
