Mode,NrEvents,Bug_Types,Unique_Bugs,Total_Bugs,Total_Time_s,Rec_s,Ana_s,Rep_s
GFuzz,4,,0,1,40.05859,20.01101,2e-05,
GFuzzHB,4,L08,1,1,41.57589,20.01233,0.00057,1.55614
GFuzzHBFlow,,,0,0,40.0165,20.0114,,
Flow,4,L08,1,1,41.54189,20.0077,0.0005,1.52522
GoCR,,,0,0,40.01472,20.01019,,
GoCRHB,4,L08,1,1,41.59269,20.00834,0.00046,1.57687
