Mode,NrEvents,Bug_Types,Unique_Bugs,Total_Bugs,Total_Time_s,Rec_s,Ana_s,Rep_s
GFuzz,20,,0,0,1.64849,1.34185,3e-05,
GFuzzHB,20,P06,1,1,18.48817,1.29631,0.00029,16.92957
GFuzzHBFlow,20,P06,1,1,14.48071,1.28291,0.00038,12.92221
Flow,20,P06,1,1,18.35374,1.23103,0.00033,16.89278
GoCR,20,,0,0,11.57559,1.26085,9e-05,
GoCRHB,20,P06,1,1,14.45527,1.27265,0.00024,12.93073
