Mode,NrEvents,Bug_Types,Unique_Bugs,Total_Bugs,Total_Time_s,Rec_s,Ana_s,Rep_s
GFuzz,4,A07,1,1,1.45106,1.23246,0.0002,
GFuzzHB,4,A07,1,1,1.38242,1.18359,0.00013,3e-05
GFuzzHBFlow,4,A07,1,1,1.37978,1.19735,0.00013,3e-05
Flow,4,,0,0,1.3896,1.19006,0.00011,3e-05
GoCR,4,,0,0,1.37135,1.19453,5e-05,
GoCRHB,4,A07,1,1,1.37057,1.18542,0.00017,4e-05
