Mode,NrEvents,Bug_Types,Unique_Bugs,Total_Bugs,Total_Time_s,Rec_s,Ana_s,Rep_s
GFuzz,18,,0,0,1.74214,1.37923,2e-05,
GFuzzHB,18,P06,1,1,2.59154,1.36105,0.00031,0.88885
GFuzzHBFlow,18,P06,1,1,2.6799,1.40795,0.00082,0.90611
Flow,18,P06,1,1,2.66261,1.40853,0.00026,0.85533
GoCR,18,,0,0,12.28033,1.38064,7e-05,
GoCRHB,18,P06,1,1,14.36362,1.38644,0.00029,0.89034
