Mode,NrEvents,Bug_Types,Unique_Bugs,Total_Bugs,Total_Time_s,Rec_s,Ana_s,Rep_s
GFuzz,23,,0,0,1.59124,1.33191,2e-05,
GFuzzHB,23,P06,1,2,3.04502,1.23989,0.0004,1.59151
GFuzzHBFlow,23,P06,1,2,3.06892,1.23548,0.00046,1.59776
Flow,23,P06,1,2,3.00998,1.20671,0.00048,1.59561
GoCR,23,,0,0,21.44796,1.20543,0.00015,
GoCRHB,23,P06,1,2,10.18375,1.18227,0.00064,1.5795
