Mode,NrEvents,Bug_Types,Unique_Bugs,Total_Bugs,Total_Time_s,Rec_s,Ana_s,Rep_s
GFuzz,21,,0,0,1.5265,1.25942,2e-05,
GFuzzHB,21,P06,1,1,2.32308,1.25591,0.00037,0.88001
GFuzzHBFlow,21,P06,1,1,2.28423,1.24573,0.00038,0.82156
Flow,21,P06,1,1,2.1549,1.18706,0.00038,0.79237
GoCR,21,,0,0,14.61718,1.17956,0.00011,
GoCRHB,21,P06,1,1,10.24539,1.20952,0.0003,0.7956
