Mode,NrEvents,Bug_Types,Unique_Bugs,Total_Bugs,Total_Time_s,Rec_s,Ana_s,Rep_s
GFuzz,16,,0,0,1.46411,1.23434,1e-05,
GFuzzHB,16,P06,1,1,2.35077,1.23647,0.00025,0.87547
GFuzzHBFlow,16,P06,1,1,2.33656,1.22603,0.00024,0.87101
Flow,16,P06,1,1,2.37818,1.22749,0.00038,0.86896
GoCR,16,,0,0,11.3936,1.22067,8e-05,
GoCRHB,16,P06,1,1,12.09026,1.2205,0.00021,0.87017
