Mode,NrEvents,Bug_Types,Unique_Bugs,Total_Bugs,Total_Time_s,Rec_s,Ana_s,Rep_s
GFuzz,16,,0,0,1.45248,1.23701,2e-05,
GFuzzHB,16,P06,1,1,2.28984,1.24171,0.00025,0.8257
GFuzzHBFlow,16,P06,1,1,2.25374,1.21302,0.00025,0.81714
Flow,16,P06,1,1,2.27513,1.23482,0.00025,0.81275
GoCR,16,,0,0,17.41557,1.24109,0.00015,
GoCRHB,16,P06,1,1,13.89732,1.26736,0.00024,0.82201
