Mode,NrEvents,Bug_Types,Unique_Bugs,Total_Bugs,Total_Time_s,Rec_s,Ana_s,Rep_s
GFuzz,20,,0,0,1.47129,1.24774,2e-05,
GFuzzHB,20,P06,1,1,2.3026,1.23419,0.00024,0.82902
GFuzzHBFlow,20,P06,1,1,2.31562,1.25003,0.00023,0.81922
Flow,20,P06,1,1,2.31487,1.2442,0.00035,0.83378
GoCR,20,,0,0,24.84536,1.2349,9e-05,
GoCRHB,20,P06,1,1,14.95307,1.27099,0.00028,0.86717
