Mode,NrEvents,Bug_Types,Unique_Bugs,Total_Bugs,Total_Time_s,Rec_s,Ana_s,Rep_s
GFuzz,164136,A07,1,2,34.05194,6.43043,4e-05,
GFuzzHB,163420,A07,1,1,182.33065,8.6381,169.65394,5e-05
GFuzzHBFlow,119904,A07,1,1,104.46672,7.45647,94.6615,7e-05
Flow,154376,A07,1,1,178.34905,8.95288,166.02831,5e-05
GoCR,141913,A07,1,1,13.24317,9.22012,0.60663,
GoCRHB,122731,,0,0,115.47572,8.30714,104.93419,4e-05
