Mode,NrEvents,Bug_Types,Unique_Bugs,Total_Bugs,Total_Time_s,Rec_s,Ana_s,Rep_s
GFuzz,6,A07,1,1,10.92974,1.17335,6e-05,
GFuzzHB,6,A07,1,1,11.71696,1.15972,0.00012,2e-05
GFuzzHBFlow,6,A07,1,1,11.65913,1.18354,0.00012,3e-05
Flow,6,A07,1,1,1.32327,1.16005,0.00011,3e-05
GoCR,6,A07,1,1,1.31078,1.15298,8e-05,
GoCRHB,6,A07,1,1,1.31238,1.15876,0.00014,3e-05
