Mode,NrEvents,Bug_Types,Unique_Bugs,Total_Bugs,Total_Time_s,Rec_s,Ana_s,Rep_s
GFuzz,16,,0,0,1.73947,1.35272,0.0002,
GFuzzHB,16,,0,0,1.68139,1.35778,0.00026,6e-05
GFuzzHBFlow,16,,0,0,1.73545,1.38053,0.00045,7e-05
Flow,16,,0,0,1.68723,1.36233,0.00021,4e-05
GoCR,16,,0,0,18.19202,1.24781,9e-05,
GoCRHB,16,,0,0,13.06125,1.24748,0.00034,4e-05
