Mode,NrEvents,Bug_Types,Unique_Bugs,Total_Bugs,Total_Time_s,Rec_s,Ana_s,Rep_s
GFuzz,1041,,0,1,11.13572,1.24856,2e-05,
GFuzzHB,1034,,0,0,11.21169,1.2199,0.00175,3e-05
GFuzzHBFlow,1045,,0,0,11.12081,1.20564,0.00185,3e-05
Flow,1034,,0,0,1.50288,1.31039,0.00167,3e-05
GoCR,1052,A07,1,1,1.40483,1.23756,0.00143,
GoCRHB,1053,A07,1,1,20.13786,1.23096,0.00185,3e-05
