Mode,NrEvents,Bug_Types,Unique_Bugs,Total_Bugs,Total_Time_s,Rec_s,Ana_s,Rep_s
GFuzz,44,,0,1,40.01999,20.01256,2e-05,
GFuzzHB,39,,0,1,40.02052,20.01289,0.00026,3e-05
GFuzzHBFlow,44,,0,1,20.17283,20.01128,0.00033,3e-05
Flow,38,L08,1,1,40.80741,20.00906,0.00055,0.78936
GoCR,49,,0,1,40.03846,20.0119,0.00014,
GoCRHB,49,,0,1,20.23733,20.01251,0.00028,3e-05
