Mode,NrEvents,Bug_Types,Unique_Bugs,Total_Bugs,Total_Time_s,Rec_s,Ana_s,Rep_s
GFuzz,15,,0,0,1.33723,1.17402,2e-05,
GFuzzHB,15,,0,0,1.34061,1.17297,0.00019,3e-05
GFuzzHBFlow,15,,0,0,1.32432,1.16275,0.00019,3e-05
Flow,15,,0,0,1.32572,1.17403,0.00018,3e-05
GoCR,15,,0,0,21.3517,1.16688,9e-05,
GoCRHB,15,,0,2,21.45432,1.22927,0.00027,4e-05
