Mode,NrEvents,Bug_Types,Unique_Bugs,Total_Bugs,Total_Time_s,Rec_s,Ana_s,Rep_s
GFuzz,19,,0,0,1.39293,1.2089,2e-05,
GFuzzHB,19,P06,1,1,2.18037,1.21134,0.00037,0.77958
GFuzzHBFlow,19,P06,1,1,2.21112,1.23003,0.00037,0.81362
Flow,19,P06,1,1,2.17472,1.2174,0.00026,0.7753
GoCR,19,,0,0,11.76616,1.18104,9e-05,
GoCRHB,19,P06,1,1,16.41915,1.15285,0.00025,0.74741
