Mode,NrEvents,Bug_Types,Unique_Bugs,Total_Bugs,Total_Time_s,Rec_s,Ana_s,Rep_s
GFuzz,4,A07,1,1,1.42322,1.22824,5e-05,
GFuzzHB,4,A07,1,1,1.43019,1.22594,0.00012,4e-05
GFuzzHBFlow,4,A07,1,1,1.44046,1.23525,9e-05,3e-05
Flow,4,A07,1,1,1.40566,1.21433,0.0001,3e-05
GoCR,4,A07,1,1,1.40347,1.20956,0.0001,
GoCRHB,4,A07,1,1,1.43353,1.2302,0.0001,3e-05
