Mode,NrEvents,Bug_Types,Unique_Bugs,Total_Bugs,Total_Time_s,Rec_s,Ana_s,Rep_s
GFuzz,269,,0,1,20.24436,20.01241,6e-05,
GFuzzHB,49,L08,1,1,41.66146,20.01244,0.00163,1.63729
GFuzzHBFlow,,,0,0,40.05608,20.04969,,
Flow,32,L08,1,1,41.57252,20.00954,0.00075,1.51935
GoCR,,,0,0,20.2232,20.01143,,
GoCRHB,320,L08,1,1,41.59007,20.01063,0.00094,1.57023
