Mode,NrEvents,Bug_Types,Unique_Bugs,Total_Bugs,Total_Time_s,Rec_s,Ana_s,Rep_s
GFuzz,22,,0,0,1.3528,1.18119,3e-05,
GFuzzHB,22,P06,1,1,2.07046,1.15769,0.00024,0.76086
GFuzzHBFlow,22,P06,1,1,2.11214,1.17367,0.00028,0.78654
Flow,22,P06,1,1,2.0822,1.15832,0.00025,0.75686
GoCR,22,,0,0,12.54045,1.15512,8e-05,
GoCRHB,22,P06,1,1,16.47525,1.1596,0.00023,0.77408
