Mode,NrEvents,Bug_Types,Unique_Bugs,Total_Bugs,Total_Time_s,Rec_s,Ana_s,Rep_s
GFuzz,19,,0,0,1.35563,1.17757,2e-05,
GFuzzHB,19,,0,0,1.32721,1.16185,0.00016,3e-05
GFuzzHBFlow,19,,0,0,1.32021,1.16893,0.00019,2e-05
Flow,19,,0,0,1.33656,1.17103,0.0002,3e-05
GoCR,19,,0,0,11.00789,1.17347,8e-05,
GoCRHB,19,,0,1,13.54475,1.17788,0.00017,2e-05
