Mode,NrEvents,Bug_Types,Unique_Bugs,Total_Bugs,Total_Time_s,Rec_s,Ana_s,Rep_s
GFuzz,4,A07,1,1,1.40257,1.20325,4e-05,
GFuzzHB,4,L08,1,0,2.13602,1.18053,0.00036,0.78268
GFuzzHBFlow,4,A07,1,1,1.36385,1.17924,0.00016,2e-05
Flow,4,L08,1,0,2.15745,1.17966,0.00041,0.79314
GoCR,4,,0,0,1.38202,1.19865,6e-05,
GoCRHB,4,L08,1,0,2.14233,1.18333,0.0004,0.78666
