Mode,NrEvents,Bug_Types,Unique_Bugs,Total_Bugs,Total_Time_s,Rec_s,Ana_s,Rep_s
GFuzz,10,A07,1,1,1.41907,1.23384,4e-05,
GFuzzHB,10,A07,1,1,1.39041,1.20516,0.00019,4e-05
GFuzzHBFlow,10,A07,1,1,1.43625,1.20169,0.00014,2e-05
Flow,10,A07,1,1,1.45446,1.25098,0.00013,3e-05
GoCR,10,A07,1,1,13.69436,1.2137,0.00015,
GoCRHB,10,A07,1,1,10.47682,1.22523,0.00014,3e-05
