Mode,NrEvents,Bug_Types,Unique_Bugs,Total_Bugs,Total_Time_s,Rec_s,Ana_s,Rep_s
GFuzz,16,,0,0,1.72655,1.41665,3e-05,
GFuzzHB,16,P01,1,1,1.81001,1.26998,0.00027,0.28303
GFuzzHBFlow,16,P01,1,1,1.72897,1.21526,0.00027,0.27724
Flow,16,P01,1,1,1.91538,1.30604,0.00034,0.31948
GoCR,16,,0,2,12.61482,1.34135,9e-05,
GoCRHB,16,P01,1,4,11.39191,1.27546,0.00023,0.18054
