Mode,NrEvents,Bug_Types,Unique_Bugs,Total_Bugs,Total_Time_s,Rec_s,Ana_s,Rep_s
GFuzz,11,,0,0,1.51912,1.27056,2e-05,
GFuzzHB,11,,0,0,1.55731,1.28115,0.00013,4e-05
GFuzzHBFlow,11,,0,0,1.44016,1.22773,0.00013,3e-05
Flow,11,,0,0,1.4306,1.24529,0.00011,3e-05
GoCR,11,,0,0,11.39968,1.26523,7e-05,
GoCRHB,11,,0,0,11.47715,1.25268,0.00016,3e-05
