Mode,NrEvents,Bug_Types,Unique_Bugs,Total_Bugs,Total_Time_s,Rec_s,Ana_s,Rep_s
GFuzz,33,,0,1,1.38508,1.20011,4e-05,
GFuzzHB,33,P06,1,2,2.15423,1.19669,0.00052,0.75614
GFuzzHBFlow,33,P06,1,2,2.10278,1.177,0.00038,0.75174
Flow,33,P06,1,2,2.16797,1.19488,0.00042,0.77117
GoCR,33,,0,1,21.08685,1.20494,0.00028,
GoCRHB,33,P06,1,2,15.0971,1.16692,0.00048,0.76004
