Mode,NrEvents,Bug_Types,Unique_Bugs,Total_Bugs,Total_Time_s,Rec_s,Ana_s,Rep_s
GFuzz,27,,0,0,1.39643,1.19457,2e-05,
GFuzzHB,27,A09;P06,2,2,2.95163,1.20049,0.00031,1.55342
GFuzzHBFlow,27,A09;P06,2,2,22.80879,1.20749,0.00036,1.58847
Flow,27,A09;P06,2,2,3.07118,1.23668,0.0003,1.58938
GoCR,27,,0,0,16.03363,1.20372,0.00011,
GoCRHB,27,A09;P06,2,2,22.82671,1.20974,0.00038,1.57811
