Mode,NrEvents,Bug_Types,Unique_Bugs,Total_Bugs,Total_Time_s,Rec_s,Ana_s,Rep_s
GFuzz,8,,0,0,1.43695,1.23324,3e-05,
GFuzzHB,8,,0,0,1.41373,1.21304,9e-05,3e-05
GFuzzHBFlow,8,,0,0,1.41589,1.2088,0.0001,3e-05
Flow,8,,0,0,1.42371,1.20382,0.0001,4e-05
GoCR,8,,0,0,11.28666,1.23234,8e-05,
GoCRHB,8,,0,0,11.08843,1.22055,0.00014,5e-05
