Mode,NrEvents,Bug_Types,Unique_Bugs,Total_Bugs,Total_Time_s,Rec_s,Ana_s,Rep_s
GFuzz,21,,0,0,1.39773,1.22613,1e-05,
GFuzzHB,21,,0,0,1.40104,1.20475,0.00025,4e-05
GFuzzHBFlow,21,,0,0,1.3958,1.19032,0.00023,4e-05
Flow,21,,0,0,1.46172,1.22759,0.00025,4e-05
GoCR,21,,0,0,11.16567,1.19694,7e-05,
GoCRHB,21,,0,0,11.1105,1.21611,0.00025,3e-05
