Mode,NrEvents,Bug_Types,Unique_Bugs,Total_Bugs,Total_Time_s,Rec_s,Ana_s,Rep_s
GFuzz,26,,0,0,21.25017,1.2392,2e-05,
GFuzzHB,26,P06,1,2,3.01823,1.20016,0.0003,1.5836
GFuzzHBFlow,26,P06,1,2,22.81394,1.21195,0.00027,1.58988
Flow,26,P06,1,2,3.03195,1.22555,0.00033,1.57634
GoCR,26,,0,0,12.07243,1.21327,0.00026,
GoCRHB,26,P06,1,2,22.84639,1.21121,0.00034,1.56933
