Mode,NrEvents,Bug_Types,Unique_Bugs,Total_Bugs,Total_Time_s,Rec_s,Ana_s,Rep_s
GFuzz,19,A07,1,1,1.33753,1.1732,5e-05,
GFuzzHB,19,A07,1,1,1.30879,1.16315,0.00017,3e-05
GFuzzHBFlow,19,A07,1,1,1.32364,1.16877,0.00017,3e-05
Flow,19,A07,1,1,1.30857,1.1528,0.00016,3e-05
GoCR,19,A07,1,1,17.80383,1.15075,0.00027,
GoCRHB,19,A07,1,1,13.74368,1.25394,0.00014,3e-05
