Mode,NrEvents,Bug_Types,Unique_Bugs,Total_Bugs,Total_Time_s,Rec_s,Ana_s,Rep_s
GFuzz,16,,0,0,1.45585,1.22078,2e-05,
GFuzzHB,16,,0,0,1.46254,1.2558,0.00021,3e-05
GFuzzHBFlow,16,,0,0,1.49408,1.24268,0.00024,4e-05
Flow,16,,0,0,1.48341,1.25891,0.0003,4e-05
GoCR,16,,0,0,17.18201,1.26908,9e-05,
GoCRHB,16,,0,0,16.4049,1.26246,0.00022,3e-05
