Mode,NrEvents,Bug_Types,Unique_Bugs,Total_Bugs,Total_Time_s,Rec_s,Ana_s,Rep_s
GFuzz,44,,0,1,40.02293,20.01079,4e-05,
GFuzzHB,44,,0,1,40.05433,20.04835,0.00018,3e-05
GFuzzHBFlow,44,,0,1,40.0165,20.01225,0.00021,3e-05
Flow,44,,0,1,40.13141,20.09006,0.00022,4e-05
GoCR,44,,0,1,40.02617,20.01127,0.0001,
GoCRHB,44,,0,1,40.03147,20.01334,0.00019,3e-05
