Mode,NrEvents,Bug_Types,Unique_Bugs,Total_Bugs,Total_Time_s,Rec_s,Ana_s,Rep_s
GFuzz,4,A05,1,1,1.42706,1.2153,6e-05,
GFuzzHB,4,A05,1,1,1.40423,1.20461,0.00012,3e-05
GFuzzHBFlow,4,A05,1,1,1.36563,1.17949,0.00022,3e-05
Flow,4,A05,1,1,1.39845,1.19118,0.00029,3e-05
GoCR,4,A05,1,1,1.43423,1.19968,8e-05,
GoCRHB,4,A05,1,1,1.44174,1.21666,0.00032,4e-05
