Mode,NrEvents,Bug_Types,Unique_Bugs,Total_Bugs,Total_Time_s,Rec_s,Ana_s,Rep_s
GFuzz,44,,0,1,11.70999,1.39424,3e-05,
GFuzzHB,62,P05,1,1,20.21907,1.15973,0.00039,18.89885
GFuzzHBFlow,74,P05,1,1,21.33646,1.1651,0.00052,20.0081
Flow,50,P05,1,1,21.48769,1.22916,0.00044,20.00525
GoCR,44,,0,0,21.60569,1.30884,0.00024,
GoCRHB,62,P05,1,1,21.44647,1.19999,0.00063,20.00713
