Mode,NrEvents,Bug_Types,Unique_Bugs,Total_Bugs,Total_Time_s,Rec_s,Ana_s,Rep_s
GFuzz,4,A03,1,1,1.41387,1.21065,4e-05,
GFuzzHB,4,A03,1,2,1.39058,1.19282,0.00014,3e-05
GFuzzHBFlow,4,A03,1,2,1.42986,1.20956,0.00015,4e-05
Flow,4,A03,1,2,1.43416,1.22623,0.0003,4e-05
GoCR,4,A03,1,1,1.45272,1.24047,0.00013,
GoCRHB,4,A03,1,2,1.41768,1.20265,0.00011,3e-05
