Mode,NrEvents,Bug_Types,Unique_Bugs,Total_Bugs,Total_Time_s,Rec_s,Ana_s,Rep_s
GFuzz,34,,0,0,11.10289,1.19493,1e-05,
GFuzzHB,34,P05;P06,2,5,56.92052,1.20356,0.00046,55.51705
GFuzzHBFlow,34,P05;P06,2,5,53.32697,1.21211,0.00057,51.91746
Flow,34,P05;P06,2,5,56.82861,1.18529,0.0004,55.4629
GoCR,34,,0,0,21.42915,1.20917,0.00014,
GoCRHB,34,P05;P06,2,5,55.14231,1.19885,0.00043,53.70921
