Mode,NrEvents,Bug_Types,Unique_Bugs,Total_Bugs,Total_Time_s,Rec_s,Ana_s,Rep_s
GFuzz,122,,0,1,10.9023,1.17501,5e-05,
GFuzzHB,172,,0,1,10.96828,1.20128,0.01718,4e-05
GFuzzHBFlow,192,,0,1,10.89523,1.1661,0.01654,4e-05
Flow,37,,0,1,1.35981,1.17436,0.00073,3e-05
GoCR,282,,0,1,1.35645,1.16837,0.00093,
GoCRHB,27,,0,1,1.33056,1.17048,0.00057,4e-05
