Mode,NrEvents,Bug_Types,Unique_Bugs,Total_Bugs,Total_Time_s,Rec_s,Ana_s,Rep_s
GFuzz,4,A07,1,1,1.5407,1.26469,4e-05,
GFuzzHB,4,A07,1,1,1.45673,1.23258,0.00013,4e-05
GFuzzHBFlow,4,A07,1,1,1.4455,1.23196,0.00011,3e-05
Flow,4,A07,1,1,1.47902,1.2531,0.0001,3e-05
GoCR,4,A07,1,1,1.46956,1.22212,0.00011,
GoCRHB,4,A07,1,1,1.44848,1.22519,9e-05,3e-05
