Mode,NrEvents,Bug_Types,Unique_Bugs,Total_Bugs,Total_Time_s,Rec_s,Ana_s,Rep_s
GFuzz,24,,0,1,10.92867,1.15474,6e-05,
GFuzzHB,28,A07,1,1,10.86557,1.15633,0.00021,3e-05
GFuzzHBFlow,26,,0,1,10.78592,1.15637,0.00022,3e-05
Flow,22,L02,1,0,1.32387,1.1704,0.00065,4e-05
GoCR,22,,0,1,16.78062,1.17447,0.00011,
GoCRHB,24,A07,1,2,13.54858,1.1672,0.00052,4e-05
