Mode,NrEvents,Bug_Types,Unique_Bugs,Total_Bugs,Total_Time_s,Rec_s,Ana_s,Rep_s
GFuzz,8,,0,2,11.14435,1.20557,2e-05,
GFuzzHB,8,A07,1,2,11.03984,1.18151,0.00014,3e-05
GFuzzHBFlow,8,A07,1,2,10.92433,1.17333,0.00013,3e-05
Flow,8,A07,1,1,1.37273,1.19778,0.00013,3e-05
GoCR,8,A07,1,1,1.41281,1.23989,8e-05,
GoCRHB,8,A07,1,1,1.34826,1.17767,0.00013,3e-05
