Mode,NrEvents,Bug_Types,Unique_Bugs,Total_Bugs,Total_Time_s,Rec_s,Ana_s,Rep_s
GFuzz,27,A07,1,1,11.08637,1.23316,4e-05,
GFuzzHB,27,A07;P06,2,2,14.12829,1.20108,0.00049,12.74146
GFuzzHBFlow,27,A07;P06,2,2,11.37047,1.19443,0.00041,6.82735
Flow,27,A07;P06,2,2,8.10961,1.16136,0.00043,6.75712
GoCR,27,A07,1,1,12.0503,1.17848,0.00014,
GoCRHB,27,A07;P06,2,2,10.27846,1.25821,0.00031,0.77081
