Mode,NrEvents,Bug_Types,Unique_Bugs,Total_Bugs,Total_Time_s,Rec_s,Ana_s,Rep_s
GFuzz,21,,0,0,1.35596,1.17311,2e-05,
GFuzzHB,21,P05,1,1,21.37758,1.18767,0.00024,20.00883
GFuzzHBFlow,21,P05,1,1,21.38706,1.18624,0.0003,20.00673
Flow,21,P05,1,1,21.42565,1.21297,0.00093,20.009
GoCR,21,,0,0,21.41426,1.19156,9e-05,
GoCRHB,21,P05,1,1,41.39218,1.3542,0.00048,20.0062
