Mode,NrEvents,Bug_Types,Unique_Bugs,Total_Bugs,Total_Time_s,Rec_s,Ana_s,Rep_s
GFuzz,4,A07,1,1,1.49043,1.2716,4e-05,
GFuzzHB,4,A07,1,1,1.47324,1.23597,0.00011,4e-05
GFuzzHBFlow,4,A07,1,1,1.4542,1.22877,0.00013,4e-05
Flow,4,A07,1,1,1.46012,1.22752,0.00014,4e-05
GoCR,4,,0,0,1.42095,1.22157,5e-05,
GoCRHB,4,A07,1,1,1.51318,1.26805,0.00013,4e-05
