Mode,NrEvents,Bug_Types,Unique_Bugs,Total_Bugs,Total_Time_s,Rec_s,Ana_s,Rep_s
GFuzz,16,,0,0,7.80696,1.18856,3e-05,
GFuzzHB,16,,0,0,7.71616,1.1751,0.00011,3e-05
GFuzzHBFlow,16,,0,0,7.8372,1.20502,0.00016,4e-05
Flow,16,,0,0,1.46156,1.246,0.00023,5e-05
GoCR,16,,0,0,21.66336,1.34116,0.0001,
GoCRHB,16,,0,0,17.13339,1.25246,0.00024,6e-05
