Mode,NrEvents,Bug_Types,Unique_Bugs,Total_Bugs,Total_Time_s,Rec_s,Ana_s,Rep_s
GFuzz,4,A07,1,1,1.32189,1.16857,6e-05,
GFuzzHB,4,A07,1,1,1.38137,1.1824,0.00017,4e-05
GFuzzHBFlow,4,A07,1,1,1.3445,1.18078,0.00012,2e-05
Flow,4,L08,1,0,2.12747,1.17078,0.00053,0.78735
GoCR,4,,0,0,1.36261,1.1844,5e-05,
GoCRHB,4,L08,1,0,2.4169,1.27846,0.00062,0.93167
