Mode,NrEvents,Bug_Types,Unique_Bugs,Total_Bugs,Total_Time_s,Rec_s,Ana_s,Rep_s
GFuzz,35,,0,1,40.02475,20.01288,4e-05,
GFuzzHB,35,L08,1,1,60.0245,20.00984,0.00103,20.00535
GFuzzHBFlow,,,0,0,40.01487,20.00953,,
Flow,35,L08,1,1,60.10498,20.01091,0.00118,20.08561
GoCR,,,0,0,40.01628,20.0116,,
GoCRHB,35,L08,1,1,60.09061,20.05127,0.00122,20.00506
