Mode,NrEvents,Bug_Types,Unique_Bugs,Total_Bugs,Total_Time_s,Rec_s,Ana_s,Rep_s
GFuzz,21,,0,0,1.35076,1.16578,3e-05,
GFuzzHB,21,P06,1,1,2.16696,1.17753,0.00044,0.78848
GFuzzHBFlow,21,P06,1,1,2.08843,1.16859,0.00021,0.76648
Flow,21,P06,1,1,2.1357,1.17967,0.00027,0.77381
GoCR,21,,0,0,11.06339,1.17322,9e-05,
GoCRHB,21,P06,1,1,26.15351,1.16301,0.00032,0.75136
