Mode,NrEvents,Bug_Types,Unique_Bugs,Total_Bugs,Total_Time_s,Rec_s,Ana_s,Rep_s
GFuzz,74,,0,1,10.84567,1.17246,2e-05,
GFuzzHB,50,A07,1,3,20.03415,1.15111,0.00039,2e-05
GFuzzHBFlow,67,A07,1,1,16.89604,1.18537,0.0007,6.21291
Flow,66,A07,1,1,7.4993,1.17031,0.00059,6.17179
GoCR,67,A07,1,3,15.94109,1.1638,0.00025,
GoCRHB,56,A07,1,4,25.05947,1.16449,0.0004,2e-05
