Mode,NrEvents,Bug_Types,Unique_Bugs,Total_Bugs,Total_Time_s,Rec_s,Ana_s,Rep_s
GFuzz,44,,0,0,11.00048,1.18921,2e-05,
GFuzzHB,44,P05;P06,2,4,35.19043,1.19035,0.00084,33.8221
GFuzzHBFlow,44,P05;P06,2,4,35.06501,1.1754,0.00044,33.7101
Flow,44,P05;P06,2,4,35.43665,1.19129,0.00036,34.06399
GoCR,44,,0,0,15.87148,1.255,0.0002,
GoCRHB,44,P05;P06,2,4,35.30573,1.24279,0.00053,33.79391
