Mode,NrEvents,Bug_Types,Unique_Bugs,Total_Bugs,Total_Time_s,Rec_s,Ana_s,Rep_s
GFuzz,21,,0,1,1.59112,1.26615,4e-05,
GFuzzHB,24,L08,1,1,2.16728,1.18985,0.00054,0.77263
GFuzzHBFlow,17,L08,1,1,2.09501,1.15998,0.00074,0.76745
Flow,21,L08,1,1,2.12776,1.17913,0.00073,0.78206
GoCR,17,,0,1,12.83817,1.22213,0.00011,
GoCRHB,17,L08,1,2,10.27432,1.15065,0.00073,0.77329
