Mode,NrEvents,Bug_Types,Unique_Bugs,Total_Bugs,Total_Time_s,Rec_s,Ana_s,Rep_s
GFuzz,17,,0,0,1.31365,1.1573,1e-05,
GFuzzHB,17,P05,1,1,6.99717,1.16384,0.00024,5.64779
GFuzzHBFlow,17,P05,1,1,7.0492,1.16984,0.00034,5.68165
Flow,17,P05,1,1,7.00646,1.16653,0.00022,5.67937
GoCR,17,,0,2,17.75094,1.16257,7e-05,
GoCRHB,17,P05,1,1,20.84735,1.1746,0.00039,5.67063
