Mode,NrEvents,Bug_Types,Unique_Bugs,Total_Bugs,Total_Time_s,Rec_s,Ana_s,Rep_s
GFuzz,18,,0,0,10.89707,1.17845,2e-05,
GFuzzHB,18,,0,0,10.89754,1.17344,0.00011,2e-05
GFuzzHBFlow,18,,0,0,10.85115,1.17063,0.00014,2e-05
Flow,18,,0,0,1.38856,1.19579,0.00015,3e-05
GoCR,18,,0,0,13.84147,1.19422,7e-05,
GoCRHB,18,,0,0,25.52784,1.16989,0.00011,2e-05
