Mode,NrEvents,Bug_Types,Unique_Bugs,Total_Bugs,Total_Time_s,Rec_s,Ana_s,Rep_s
GFuzz,16,,0,0,1.59079,1.30531,2e-05,
GFuzzHB,16,,0,0,1.55144,1.30297,0.00021,3e-05
GFuzzHBFlow,16,,0,0,1.56328,1.30096,0.00025,5e-05
Flow,16,,0,0,1.52889,1.26953,0.00019,3e-05
GoCR,16,,0,0,12.27924,1.26574,8e-05,
GoCRHB,16,,0,0,11.69119,1.33297,0.00026,4e-05
