Mode,NrEvents,Bug_Types,Unique_Bugs,Total_Bugs,Total_Time_s,Rec_s,Ana_s,Rep_s
GFuzz,22,,0,0,10.92121,1.16168,2e-05,
GFuzzHB,22,P06,1,1,12.41981,1.19076,0.00023,0.77987
GFuzzHBFlow,22,P06,1,1,13.7579,1.19757,0.0004,0.69762
Flow,22,P06,1,1,2.15394,1.17997,0.00031,0.78778
GoCR,22,,0,1,18.04509,1.17954,0.00013,
GoCRHB,22,P06,1,1,11.23635,1.18033,0.00023,0.67075
