Mode,NrEvents,Bug_Types,Unique_Bugs,Total_Bugs,Total_Time_s,Rec_s,Ana_s,Rep_s
GFuzz,5,,0,1,40.02094,20.01228,3e-05,
GFuzzHB,5,L08,1,1,40.78208,20.01367,0.00048,0.76204
GFuzzHBFlow,5,L08,1,1,40.79052,20.01629,0.00056,0.76843
Flow,5,L08,1,1,40.78626,20.01716,0.00048,0.75993
GoCR,5,,0,1,40.05935,20.05088,6e-05,
GoCRHB,5,L08,1,1,40.85979,20.04953,0.00038,0.8007
