Mode,NrEvents,Bug_Types,Unique_Bugs,Total_Bugs,Total_Time_s,Rec_s,Ana_s,Rep_s
GFuzz,17,,0,0,1.42093,1.25606,1e-05,
GFuzzHB,17,,0,0,1.34436,1.19513,0.00028,4e-05
GFuzzHBFlow,17,,0,0,1.31143,1.16485,0.00019,4e-05
Flow,17,,0,0,21.16017,1.15205,0.00025,5e-05
GoCR,17,,0,0,17.74236,1.1709,6e-05,
GoCRHB,17,,0,0,21.18335,1.16479,0.00019,3e-05
