Mode,NrEvents,Bug_Types,Unique_Bugs,Total_Bugs,Total_Time_s,Rec_s,Ana_s,Rep_s
GFuzz,13,A07,1,1,1.5047,1.24761,5e-05,
GFuzzHB,13,A07,1,1,1.46293,1.24183,0.00018,4e-05
GFuzzHBFlow,13,A07,1,1,1.47522,1.2408,0.00018,4e-05
Flow,13,A07,1,1,1.45014,1.2253,0.00014,3e-05
GoCR,13,A07,1,1,16.34552,1.24166,0.00014,
GoCRHB,13,L02,1,1,11.34635,1.36971,0.00148,1.12439
