Mode,NrEvents,Bug_Types,Unique_Bugs,Total_Bugs,Total_Time_s,Rec_s,Ana_s,Rep_s
GFuzz,34,,0,0,11.04725,1.20483,2e-05,
GFuzzHB,34,P05;P06,2,5,55.15079,1.18574,0.00035,53.77507
GFuzzHBFlow,34,P05;P06,2,5,56.77672,1.20335,0.00039,55.39599
Flow,34,P05;P06,2,5,56.82258,1.19265,0.00035,55.45917
GoCR,34,,0,0,15.65534,1.18725,0.00013,
GoCRHB,34,P05;P06,2,5,56.76698,1.17728,0.00054,55.40291
