Mode,NrEvents,Bug_Types,Unique_Bugs,Total_Bugs,Total_Time_s,Rec_s,Ana_s,Rep_s
GFuzz,15,A07,1,1,10.86168,1.17686,4e-05,
GFuzzHB,19,,0,1,10.86571,1.16908,0.00015,3e-05
GFuzzHBFlow,15,L02,1,0,,1.16931,0.00049,3e-05
Flow,19,,0,0,1.33448,1.1676,0.00021,3e-05
GoCR,15,A07,1,1,17.83018,1.17363,0.00014,
GoCRHB,15,A07,1,1,17.72112,1.16602,0.00017,4e-05
