Mode,NrEvents,Bug_Types,Unique_Bugs,Total_Bugs,Total_Time_s,Rec_s,Ana_s,Rep_s
GFuzz,64,,0,0,1.3431,1.17449,3e-05,
GFuzzHB,70,P06,1,1,14.19095,1.21437,0.00048,12.78975
GFuzzHBFlow,70,P06,1,1,3.78967,1.16248,0.00058,2.45067
Flow,56,P06,1,1,3.8131,1.18337,0.00041,2.44932
GoCR,70,,0,0,11.81952,1.1755,0.00025,
GoCRHB,70,P06,1,1,10.10722,1.17521,0.00047,2.40508
