Mode,NrEvents,Bug_Types,Unique_Bugs,Total_Bugs,Total_Time_s,Rec_s,Ana_s,Rep_s
GFuzz,13,,0,0,1.35697,1.17673,2e-05,
GFuzzHB,15,,0,0,1.32478,1.15675,0.00012,3e-05
GFuzzHBFlow,13,,0,0,1.33147,1.1702,0.0001,3e-05
Flow,15,,0,0,1.33366,1.16756,0.00015,4e-05
GoCR,15,,0,0,17.76759,1.15486,6e-05,
GoCRHB,15,,0,1,10.30741,1.16775,0.00011,3e-05
