Mode,NrEvents,Bug_Types,Unique_Bugs,Total_Bugs,Total_Time_s,Rec_s,Ana_s,Rep_s
GFuzz,37723,,0,1,40.87613,20.01394,3e-05,
GFuzzHB,38279,,0,1,442.17581,20.01125,401.16599,4e-05
GFuzzHBFlow,,,0,0,40.0172,20.01232,,
Flow,38217,,0,1,427.33834,20.01362,387.21767,3e-05
GoCR,,,0,0,40.05675,20.05055,,
GoCRHB,38237,,0,1,405.10234,20.00854,361.66277,4e-05
