Mode,NrEvents,Bug_Types,Unique_Bugs,Total_Bugs,Total_Time_s,Rec_s,Ana_s,Rep_s
GFuzz,18,,0,0,1.9474,1.48459,2e-05,
GFuzzHB,18,P06,1,1,2.78063,1.46544,0.00042,0.87767
GFuzzHBFlow,18,P06,1,1,2.82944,1.46766,0.00036,0.88416
Flow,18,P06,1,1,2.85116,1.51579,0.00034,0.8665
GoCR,18,,0,0,13.09159,1.48083,8e-05,
GoCRHB,18,P06,1,1,11.17157,1.45475,0.00027,0.86467
