Mode,NrEvents,Bug_Types,Unique_Bugs,Total_Bugs,Total_Time_s,Rec_s,Ana_s,Rep_s
GFuzz,373869,,0,0,20.88313,20.01091,8e-05,
GFuzzHB,377187,L08,1,0,42.89113,19.98912,1.08833,20.00427
GFuzzHBFlow,345007,,0,0,21.77728,20.01739,0.89044,7e-05
Flow,328007,,0,0,21.56882,20.01344,0.7359,5e-05
GoCR,321007,,0,0,23.09785,20.01044,0.53397,
GoCRHB,311007,,0,0,23.01419,20.01305,0.72613,5e-05
