Mode,NrEvents,Bug_Types,Unique_Bugs,Total_Bugs,Total_Time_s,Rec_s,Ana_s,Rep_s
GFuzz,19,,0,0,1.33899,1.16767,1e-05,
GFuzzHB,19,P06,1,1,2.11338,1.18466,0.00023,0.75263
GFuzzHBFlow,19,P06,1,1,2.08934,1.1717,0.00027,0.75332
Flow,19,P06,1,1,2.10551,1.17739,0.00028,0.75825
GoCR,19,,0,0,20.58649,1.17817,0.00012,
GoCRHB,19,P06,1,1,16.54962,1.18611,0.00042,0.76312
