Mode,NrEvents,Bug_Types,Unique_Bugs,Total_Bugs,Total_Time_s,Rec_s,Ana_s,Rep_s
GFuzz,16,,0,0,1.51877,1.2845,2e-05,
GFuzzHB,16,,0,0,1.54836,1.29979,0.00019,3e-05
GFuzzHBFlow,16,,0,0,1.51827,1.26508,0.00026,4e-05
Flow,16,,0,0,1.48391,1.24347,0.00028,4e-05
GoCR,16,,0,0,11.63786,1.2763,0.0001,
GoCRHB,16,,0,0,21.58546,1.28349,0.00022,3e-05
