Mode,NrEvents,Bug_Types,Unique_Bugs,Total_Bugs,Total_Time_s,Rec_s,Ana_s,Rep_s
GFuzz,17,A07,1,1,11.36858,1.20992,4e-05,
GFuzzHB,17,A07,1,1,11.48857,1.26938,0.00024,5e-05
GFuzzHBFlow,17,A07,1,1,11.38982,1.25997,0.00097,7e-05
Flow,17,A07,1,1,1.46887,1.22011,0.00023,5e-05
GoCR,17,A07,1,1,18.01485,1.24562,0.00011,
GoCRHB,17,A07,1,1,18.06193,1.2415,0.00029,5e-05
