Mode,NrEvents,Bug_Types,Unique_Bugs,Total_Bugs,Total_Time_s,Rec_s,Ana_s,Rep_s
GFuzz,23,A07,1,2,11.0252,1.19936,4e-05,
GFuzzHB,19,,0,2,11.00089,1.19639,0.00019,3e-05
GFuzzHBFlow,24,,0,2,10.96851,1.19925,0.00021,3e-05
Flow,19,,0,1,1.44251,1.22771,0.00021,4e-05
GoCR,26,,0,2,16.99131,1.18056,0.00013,
GoCRHB,24,A07,1,2,21.81147,1.20178,0.00022,3e-05
