Mode,NrEvents,Bug_Types,Unique_Bugs,Total_Bugs,Total_Time_s,Rec_s,Ana_s,Rep_s
GFuzz,23,,0,0,1.32297,1.1699,2e-05,
GFuzzHB,23,P05,1,1,4.16258,1.18018,0.00031,2.81309
GFuzzHBFlow,23,P05,1,1,4.13507,1.17657,0.00052,2.81001
Flow,23,P05,1,1,4.15291,1.15531,0.00034,2.81331
GoCR,23,,0,1,17.6904,1.15135,7e-05,
GoCRHB,23,P05,1,2,15.98775,1.14718,0.00024,2.82226
