Mode,NrEvents,Bug_Types,Unique_Bugs,Total_Bugs,Total_Time_s,Rec_s,Ana_s,Rep_s
GFuzz,18,,0,0,1.55524,1.28053,2e-05,
GFuzzHB,18,P06,1,1,2.36287,1.29735,0.0003,0.77425
GFuzzHBFlow,18,P06,1,1,2.2779,1.25536,0.00039,0.76602
Flow,18,P06,1,1,2.315,1.23501,0.00027,0.80085
GoCR,18,,0,0,21.55721,1.25985,0.0001,
GoCRHB,18,P06,1,1,17.10909,1.26671,0.00029,0.78111
