Mode,NrEvents,Bug_Types,Unique_Bugs,Total_Bugs,Total_Time_s,Rec_s,Ana_s,Rep_s
GFuzz,4,A07,1,1,1.33665,1.16136,5e-05,
GFuzzHB,4,A07,1,1,1.31418,1.15371,0.0002,3e-05
GFuzzHBFlow,4,A07,1,1,1.33606,1.1682,0.00017,3e-05
Flow,4,A07,1,1,1.31205,1.15657,0.00019,4e-05
GoCR,4,,0,0,1.31103,1.15678,5e-05,
GoCRHB,4,A07,1,1,1.32228,1.15991,0.00026,4e-05
