Mode,NrEvents,Bug_Types,Unique_Bugs,Total_Bugs,Total_Time_s,Rec_s,Ana_s,Rep_s
GFuzz,32,,0,0,10.86921,1.1752,1e-05,
GFuzzHB,111,P06,1,1,12.39565,1.19846,0.00742,0.76759
GFuzzHBFlow,39,P06,1,1,12.40215,1.18922,0.00045,0.78214
Flow,31,P06,1,1,2.03767,1.21336,0.00038,0.66944
GoCR,44,,0,0,21.3392,1.1647,0.00021,
GoCRHB,31,P06,1,2,22.23293,1.20547,0.00047,0.79497
