Mode,NrEvents,Bug_Types,Unique_Bugs,Total_Bugs,Total_Time_s,Rec_s,Ana_s,Rep_s
GFuzz,18,,0,0,1.70307,1.34323,3e-05,
GFuzzHB,18,P06,1,1,18.60754,1.34232,0.00031,16.94405
GFuzzHBFlow,18,P06,1,1,18.53314,1.29982,0.00029,16.94712
Flow,18,P06,1,1,21.59475,1.28472,0.00036,20.00887
GoCR,18,,0,0,12.81917,1.40803,0.00018,
GoCRHB,18,P06,1,1,18.93443,1.40775,0.00056,17.10375
