Mode,NrEvents,Bug_Types,Unique_Bugs,Total_Bugs,Total_Time_s,Rec_s,Ana_s,Rep_s
GFuzz,21,,0,0,21.15798,1.15223,2e-05,
GFuzzHB,21,,0,0,10.91237,1.15177,0.00019,2e-05
GFuzzHBFlow,21,,0,0,10.80329,1.17376,0.00026,2e-05
Flow,21,,0,0,1.31699,1.16374,0.0002,3e-05
GoCR,21,,0,0,14.9103,1.15683,0.00013,
GoCRHB,21,,0,0,13.48374,1.15583,0.0002,3e-05
