Mode,NrEvents,Bug_Types,Unique_Bugs,Total_Bugs,Total_Time_s,Rec_s,Ana_s,Rep_s
GFuzz,16,,0,0,1.54686,1.28298,3e-05,
GFuzzHB,16,P06,1,1,2.32648,1.24968,0.00022,0.82515
GFuzzHBFlow,16,P06,1,1,2.31908,1.23562,0.00024,0.85209
Flow,16,P06,1,1,2.29039,1.22268,0.00027,0.82208
GoCR,16,,0,0,21.49152,1.22977,7e-05,
GoCRHB,16,P06,1,1,11.39511,1.23459,0.00033,0.8375
