Mode,NrEvents,Bug_Types,Unique_Bugs,Total_Bugs,Total_Time_s,Rec_s,Ana_s,Rep_s
GFuzz,12,A07,1,1,1.45306,1.23999,6e-05,
GFuzzHB,12,A07,1,1,1.45445,1.25297,0.00017,5e-05
GFuzzHBFlow,12,A07,1,1,1.4204,1.22672,0.00017,3e-05
Flow,12,A07,1,1,1.45343,1.20806,0.00013,3e-05
GoCR,12,,0,1,12.96684,1.21757,5e-05,
GoCRHB,12,A07,1,1,12.93844,1.24785,0.00014,3e-05
