Mode,NrEvents,Bug_Types,Unique_Bugs,Total_Bugs,Total_Time_s,Rec_s,Ana_s,Rep_s
GFuzz,7,,0,0,1.34626,1.16644,2e-05,
GFuzzHB,7,,0,0,1.34009,1.17802,0.0001,2e-05
GFuzzHBFlow,7,,0,0,1.33533,1.16704,0.0001,3e-05
Flow,7,,0,0,1.32337,1.16579,8e-05,2e-05
GoCR,7,,0,0,21.35749,1.17298,5e-05,
GoCRHB,7,,0,1,23.02802,1.18146,0.00016,3e-05
