Mode,NrEvents,Bug_Types,Unique_Bugs,Total_Bugs,Total_Time_s,Rec_s,Ana_s,Rep_s
GFuzz,2,,0,1,40.06023,20.01138,2e-05,
GFuzzHB,2,L08,1,1,40.80896,20.01671,0.00046,0.78655
GFuzzHBFlow,2,L08,1,1,40.76393,20.00989,0.00035,0.74821
Flow,2,L08,1,1,40.81664,20.04949,0.00044,0.76043
GoCR,2,,0,1,40.02176,20.01368,4e-05,
GoCRHB,2,L08,1,1,40.77239,20.00928,0.00038,0.75629
