Mode,NrEvents,Bug_Types,Unique_Bugs,Total_Bugs,Total_Time_s,Rec_s,Ana_s,Rep_s
GFuzz,11,A07,1,2,11.09113,1.2111,4e-05,
GFuzzHB,11,A07,1,1,11.0755,1.22045,0.00018,4e-05
GFuzzHBFlow,11,A07,1,2,11.08825,1.19553,0.00011,3e-05
Flow,11,A07,1,1,1.43873,1.22875,0.00014,3e-05
GoCR,11,A07,1,1,1.42048,1.21633,8e-05,
GoCRHB,11,A07,1,1,1.42908,1.21451,0.00012,3e-05
