Mode,NrEvents,Bug_Types,Unique_Bugs,Total_Bugs,Total_Time_s,Rec_s,Ana_s,Rep_s
GFuzz,41,,0,0,11.11573,1.21525,2e-05,
GFuzzHB,26,P05,1,1,14.00623,1.33024,0.00055,6.32622
GFuzzHBFlow,41,P05,1,1,10.41614,1.2121,0.00034,2.86319
Flow,26,P05,1,1,7.59624,1.24975,0.00026,6.1754
GoCR,26,,0,1,12.04271,1.17138,0.00016,
GoCRHB,26,P05,1,1,13.62151,1.1647,0.00028,6.20841
