Mode,NrEvents,Bug_Types,Unique_Bugs,Total_Bugs,Total_Time_s,Rec_s,Ana_s,Rep_s
GFuzz,16,,0,0,1.48597,1.26358,3e-05,
GFuzzHB,16,,0,0,1.49432,1.2585,0.00028,4e-05
GFuzzHBFlow,16,,0,0,1.51767,1.2638,0.0002,3e-05
Flow,16,,0,0,1.52368,1.28805,0.00027,4e-05
GoCR,16,,0,0,16.9168,1.28233,9e-05,
GoCRHB,16,,0,0,16.65775,1.22839,0.00055,0.0001
