Mode,NrEvents,Bug_Types,Unique_Bugs,Total_Bugs,Total_Time_s,Rec_s,Ana_s,Rep_s
GFuzz,5,,0,0,1.322,1.17141,2e-05,
GFuzzHB,4,A07,1,1,1.30611,1.16287,0.00013,2e-05
GFuzzHBFlow,4,A07,1,1,1.34725,1.18465,0.0002,4e-05
Flow,4,L08,1,0,2.08878,1.16079,0.00037,0.75873
GoCR,4,,0,0,1.46245,1.24608,7e-05,
GoCRHB,4,L08,1,0,2.19765,1.24221,0.00053,0.75665
