Mode,NrEvents,Bug_Types,Unique_Bugs,Total_Bugs,Total_Time_s,Rec_s,Ana_s,Rep_s
GFuzz,17,,0,0,1.41945,1.21368,2e-05,
GFuzzHB,17,,0,0,3.1254,1.21146,0.0002,1.70836
GFuzzHBFlow,17,,0,0,3.08303,1.18881,0.00026,1.698
Flow,17,,0,0,3.0937,1.20257,0.0002,1.69178
GoCR,17,,0,0,16.18996,1.20492,0.0001,
GoCRHB,17,,0,0,12.30644,1.25291,0.0002,1.69073
