Mode,NrEvents,Bug_Types,Unique_Bugs,Total_Bugs,Total_Time_s,Rec_s,Ana_s,Rep_s
GFuzz,18,,0,0,1.57007,1.29985,2e-05,
GFuzzHB,18,P06,1,1,8.54878,1.28538,0.00024,6.94848
GFuzzHBFlow,18,P06,1,1,18.65704,1.34473,0.0007,16.98748
Flow,18,P06,1,1,8.56045,1.31493,0.00028,6.95686
GoCR,18,,0,0,29.37717,1.31851,0.00016,
GoCRHB,13,P06,1,1,11.9261,1.34853,0.00035,6.93523
