Mode,NrEvents,Bug_Types,Unique_Bugs,Total_Bugs,Total_Time_s,Rec_s,Ana_s,Rep_s
GFuzz,13,,0,1,40.05925,20.01164,4e-05,
GFuzzHB,13,,0,1,40.01912,20.01253,8e-05,3e-05
GFuzzHBFlow,13,,0,1,40.02073,20.01446,0.00013,3e-05
Flow,13,,0,1,40.05592,20.01382,0.00015,4e-05
GoCR,13,,0,1,40.0516,20.01277,6e-05,
GoCRHB,13,,0,1,40.01731,20.01064,9e-05,2e-05
