Mode,NrEvents,Bug_Types,Unique_Bugs,Total_Bugs,Total_Time_s,Rec_s,Ana_s,Rep_s
GFuzz,8,A07,1,1,1.40511,1.19214,4e-05,
GFuzzHB,8,A07,1,1,1.36687,1.19238,0.00013,3e-05
GFuzzHBFlow,8,A07,1,1,1.37357,1.19151,0.0001,3e-05
Flow,8,A07,1,1,1.37494,1.18971,0.00012,3e-05
GoCR,8,A07,1,1,1.36816,1.17762,0.00011,
GoCRHB,8,A07,1,1,1.35247,1.17565,0.00015,7e-05
