Mode,NrEvents,Bug_Types,Unique_Bugs,Total_Bugs,Total_Time_s,Rec_s,Ana_s,Rep_s
GFuzz,25,,0,0,7.70613,1.15968,2e-05,
GFuzzHB,25,P06,1,1,8.47785,1.16732,0.00026,0.76054
GFuzzHBFlow,25,P06,1,1,8.47326,1.16155,0.00033,0.768
Flow,25,P06,1,1,2.24787,1.21424,0.00045,0.85727
GoCR,25,,0,0,12.6446,1.18326,0.00015,
GoCRHB,25,P06,1,1,14.2935,1.16392,0.00035,0.75805
