Mode,NrEvents,Bug_Types,Unique_Bugs,Total_Bugs,Total_Time_s,Rec_s,Ana_s,Rep_s
GFuzz,16,,0,0,1.43736,1.223,1e-05,
GFuzzHB,16,P06,1,1,2.26537,1.22393,0.00026,0.8206
GFuzzHBFlow,16,P06,1,1,2.27951,1.23521,0.00028,0.81359
Flow,16,P06,1,1,2.31734,1.23824,0.00032,0.81397
GoCR,16,,0,0,21.53394,1.24058,9e-05,
GoCRHB,16,P06,1,1,16.76782,1.26228,0.00029,0.88619
