Mode,NrEvents,Bug_Types,Unique_Bugs,Total_Bugs,Total_Time_s,Rec_s,Ana_s,Rep_s
GFuzz,173,,0,1,40.02943,20.01014,4e-05,
GFuzzHB,179,L08;P05,2,2,82.5693,20.01136,0.00992,42.52536
GFuzzHBFlow,,,0,0,40.0201,20.01341,,
Flow,167,L08;P05,2,2,82.49513,20.01264,0.00962,42.45063
GoCR,,,0,0,40.01826,20.01265,,
GoCRHB,161,L08;P05,2,2,82.49302,20.01115,0.01041,42.34549
