Mode,NrEvents,Bug_Types,Unique_Bugs,Total_Bugs,Total_Time_s,Rec_s,Ana_s,Rep_s
GFuzz,11,A07,1,1,1.49219,1.22954,5e-05,
GFuzzHB,11,A07;P05,2,2,4.36015,1.23987,0.00023,2.84925
GFuzzHBFlow,11,A07;P05,2,2,4.3067,1.24146,0.00023,2.83497
Flow,11,A07;P05,2,2,4.31434,1.25229,0.0002,2.83302
GoCR,11,A07,1,1,17.1171,1.24565,0.00022,
GoCRHB,11,A07;P05,2,2,15.68183,1.31458,0.00024,2.86818
