Mode,NrEvents,Bug_Types,Unique_Bugs,Total_Bugs,Total_Time_s,Rec_s,Ana_s,Rep_s
GFuzz,7,A07,1,1,1.3112,1.1572,4e-05,
GFuzzHB,7,A07,1,1,1.32111,1.16542,0.00018,3e-05
GFuzzHBFlow,7,A07,1,1,1.33782,1.17496,0.00022,3e-05
Flow,7,A07,1,1,1.33372,1.17435,0.00016,3e-05
GoCR,7,,0,1,12.76667,1.18692,5e-05,
GoCRHB,7,A07,1,1,17.69126,1.17877,0.00013,3e-05
